{"stats":{"minecraft:used":{"vs_clockwork:wanderwand":1,"minecraft:oak_leaves":3},"minecraft:custom":{"minecraft:jump":66,"minecraft:time_since_rest":20918,"minecraft:crouch_one_cm":155,"minecraft:leave_game":1,"minecraft:play_time":20918,"minecraft:sprint_one_cm":2409,"minecraft:damage_taken":20,"minecraft:time_since_death":20918,"minecraft:walk_one_cm":25312,"minecraft:sneak_time":414,"minecraft:climb_one_cm":163,"minecraft:total_world_time":20918,"minecraft:fall_one_cm":1709,"minecraft:fly_one_cm":323249}},"DataVersion":3465}