{"stats":{"minecraft:dropped":{"minecraft:snow":2,"vs_eureka:oak_ship_helm":1},"minecraft:picked_up":{"minecraft:snow":1,"vs_eureka:oak_ship_helm":1,"create:hand_crank":4,"minecraft:cobblestone":1},"minecraft:custom":{"minecraft:time_since_rest":25523,"minecraft:crouch_one_cm":52,"minecraft:play_time":25523,"minecraft:walk_one_cm":30752,"minecraft:sneak_time":277,"minecraft:drop":3,"minecraft:jump":69,"minecraft:leave_game":3,"minecraft:time_since_death":25523,"minecraft:total_world_time":25523,"minecraft:fly_one_cm":9841},"minecraft:used":{"create:mechanical_bearing":14,"valkyrienskies:test_flap":6,"vs_eureka:warped_ship_helm":4,"minecraft:snow":2,"valkyrienskies:test_chair":1,"valkyrienskies:test_hinge":6,"valkyrienskies:test_wing":8,"create:hand_crank":11,"vs_eureka:oak_ship_helm":2,"minecraft:stone":13}},"DataVersion":3465}