{"stats":{"minecraft:used":{"minecraft:lever":1,"vs_clockwork:wanderwand":3,"minecraft:oak_leaves":8,"minecraft:cobbled_deepslate":4,"minecraft:redstone":2,"vs_clockwork:alt_meter":1,"vs_clockwork:physics_infuser":1},"minecraft:custom":{"minecraft:jump":80,"minecraft:time_since_rest":32918,"minecraft:walk_on_water_one_cm":270,"minecraft:crouch_one_cm":159,"minecraft:leave_game":1,"minecraft:play_time":32918,"minecraft:sprint_one_cm":2409,"minecraft:damage_taken":20,"minecraft:time_since_death":32918,"minecraft:walk_one_cm":35726,"minecraft:sneak_time":577,"minecraft:climb_one_cm":163,"minecraft:total_world_time":32918,"minecraft:walk_under_water_one_cm":288,"minecraft:fall_one_cm":1709,"minecraft:fly_one_cm":344697},"minecraft:picked_up":{"vs_clockwork:wanderwand":1}},"DataVersion":3465}