{"stats":{"minecraft:used":{"sophisticatedbackpacks:backpack":2,"minecraft:oak_leaves":31,"vs_clockwork:wanderwand":15,"minecraft:lever":1,"cataclysm:void_forge":9,"cataclysm:enderite_block":2,"valkyrienskies:test_chair":2,"minecraft:redstone":2,"valkyrienskies:test_hinge":9,"vs_clockwork:alt_meter":1,"valkyrienskies:test_wing":10,"vs_eureka:oak_ship_helm":5,"artifacts:mimic_spawn_egg":1,"minecraft:cobbled_deepslate":56,"framedblocks:framed_vertical_double_stairs":2,"valkyrienskies:test_flap":6,"vs_clockwork:physics_infuser":4},"minecraft:custom":{"minecraft:open_chest":2,"minecraft:time_since_rest":92615,"minecraft:crouch_one_cm":699,"minecraft:sprint_one_cm":4058,"minecraft:play_time":92615,"minecraft:damage_taken":20,"minecraft:walk_one_cm":99813,"minecraft:sneak_time":3493,"minecraft:walk_under_water_one_cm":2015,"minecraft:mob_kills":3,"minecraft:drop":2,"minecraft:jump":187,"minecraft:damage_dealt":290,"minecraft:leave_game":2,"minecraft:time_since_death":92615,"minecraft:walk_on_water_one_cm":4579,"minecraft:total_world_time":92615,"minecraft:climb_one_cm":163,"minecraft:fall_one_cm":1709,"minecraft:fly_one_cm":899980},"minecraft:picked_up":{"minecraft:arrow":1,"vs_clockwork:wanderwand":5,"minecraft:bone":1,"minecraft:gray_wool":1},"minecraft:killed":{"minecraft:skeleton":1,"minecraft:sheep":2},"minecraft:dropped":{"cataclysm:enderite_block":1,"artifacts:mimic_spawn_egg":1}},"DataVersion":3465}