{"stats":{"minecraft:dropped":{"minecraft:snow":1},"minecraft:picked_up":{"minecraft:snow":1},"minecraft:custom":{"minecraft:jump":33,"minecraft:time_since_rest":13803,"minecraft:crouch_one_cm":6,"minecraft:leave_game":2,"minecraft:play_time":13803,"minecraft:time_since_death":13803,"minecraft:walk_one_cm":12056,"minecraft:sneak_time":174,"minecraft:total_world_time":13803,"minecraft:drop":1,"minecraft:fly_one_cm":4697},"minecraft:used":{"create:mechanical_bearing":1,"create:hand_crank":1,"vs_eureka:oak_ship_helm":2,"minecraft:stone":9,"vs_eureka:warped_ship_helm":4,"minecraft:snow":2}},"DataVersion":3465}