{"stats":{"minecraft:used":{"sophisticatedbackpacks:backpack":2,"minecraft:oak_leaves":8,"vs_clockwork:wanderwand":9,"minecraft:lever":1,"cataclysm:enderite_block":2,"minecraft:redstone":2,"vs_clockwork:alt_meter":1,"vs_eureka:oak_ship_helm":1,"artifacts:mimic_spawn_egg":1,"minecraft:cobbled_deepslate":8,"framedblocks:framed_vertical_double_stairs":2,"vs_clockwork:physics_infuser":2},"minecraft:custom":{"minecraft:time_since_rest":44918,"minecraft:crouch_one_cm":183,"minecraft:sprint_one_cm":2409,"minecraft:play_time":44918,"minecraft:damage_taken":20,"minecraft:walk_one_cm":39591,"minecraft:sneak_time":931,"minecraft:walk_under_water_one_cm":288,"minecraft:drop":1,"minecraft:jump":97,"minecraft:damage_dealt":60,"minecraft:leave_game":1,"minecraft:time_since_death":44918,"minecraft:walk_on_water_one_cm":270,"minecraft:total_world_time":44918,"minecraft:climb_one_cm":163,"minecraft:fall_one_cm":1709,"minecraft:fly_one_cm":357362},"minecraft:picked_up":{"vs_clockwork:wanderwand":2},"minecraft:dropped":{"artifacts:mimic_spawn_egg":1}},"DataVersion":3465}