{"stats":{"minecraft:used":{"sophisticatedbackpacks:backpack":2,"minecraft:oak_leaves":31,"vs_clockwork:wanderwand":13,"minecraft:lever":1,"cataclysm:enderite_block":2,"minecraft:redstone":2,"vs_clockwork:alt_meter":1,"vs_eureka:oak_ship_helm":3,"artifacts:mimic_spawn_egg":1,"minecraft:cobbled_deepslate":8,"framedblocks:framed_vertical_double_stairs":2,"vs_clockwork:physics_infuser":3},"minecraft:custom":{"minecraft:open_chest":2,"minecraft:time_since_rest":56918,"minecraft:crouch_one_cm":249,"minecraft:sprint_one_cm":2409,"minecraft:play_time":56918,"minecraft:damage_taken":20,"minecraft:walk_one_cm":47948,"minecraft:sneak_time":1905,"minecraft:walk_under_water_one_cm":1785,"minecraft:drop":1,"minecraft:jump":107,"minecraft:damage_dealt":60,"minecraft:leave_game":1,"minecraft:time_since_death":56918,"minecraft:walk_on_water_one_cm":4193,"minecraft:total_world_time":56918,"minecraft:climb_one_cm":163,"minecraft:fall_one_cm":1709,"minecraft:fly_one_cm":562609},"minecraft:picked_up":{"vs_clockwork:wanderwand":4},"minecraft:dropped":{"artifacts:mimic_spawn_egg":1}},"DataVersion":3465}