{"stats":{"minecraft:custom":{"minecraft:time_since_rest":31025,"minecraft:crouch_one_cm":279,"minecraft:sprint_one_cm":12162,"minecraft:play_time":31025,"minecraft:damage_taken":40,"minecraft:walk_one_cm":26552,"minecraft:sneak_time":226,"minecraft:mob_kills":1,"minecraft:drop":1,"minecraft:jump":98,"minecraft:leave_game":3,"minecraft:time_since_death":31025,"minecraft:total_world_time":31025,"minecraft:fall_one_cm":2200,"minecraft:fly_one_cm":48473,"minecraft:horse_one_cm":142},"minecraft:mined":{"minecraft:grass":4,"minecraft:grass_block":1,"minecraft:dirt":2,"minecraft:tall_grass":5},"minecraft:killed":{"minecraft:cow":1},"minecraft:used":{"minecraft:lever":2,"minecraft:activator_rail":1,"minecraft:dirt":308,"minecraft:grass_block":1,"minecraft:crossbow":1,"minecraft:tnt_minecart":280,"minecraft:egg":2},"minecraft:dropped":{"minecraft:wheat_seeds":1},"minecraft:picked_up":{"minecraft:wheat_seeds":1,"minecraft:dirt":3,"minecraft:egg":2}},"DataVersion":3465}