{"stats":{"minecraft:custom":{"minecraft:jump":47,"minecraft:time_since_rest":4339,"minecraft:crouch_one_cm":32,"minecraft:sprint_one_cm":5217,"minecraft:leave_game":2,"minecraft:play_time":4339,"minecraft:damage_taken":40,"minecraft:time_since_death":4339,"minecraft:walk_one_cm":5981,"minecraft:sneak_time":9,"minecraft:total_world_time":4339,"minecraft:fall_one_cm":1364,"minecraft:fly_one_cm":5688,"minecraft:horse_one_cm":142},"minecraft:mined":{"minecraft:grass":4,"minecraft:tall_grass":2}},"DataVersion":3465}