{
  "dungeons_arise:find_typhon": {
    "criteria": {
      "location0": "2024-06-25 13:54:42 +0000"
    },
    "done": true
  },
  "minecraft:recipes/decorations/crafting_table": {
    "criteria": {
      "unlock_right_away": "2024-06-25 13:51:13 +0000"
    },
    "done": true
  },
  "betterdeserttemples:root": {
    "criteria": {
      "always": "2024-06-25 13:51:13 +0000"
    },
    "done": true
  },
  "cataclysm:root": {
    "criteria": {
      "custom_test_name": "2024-06-25 13:51:13 +0000"
    },
    "done": true
  },
  "dungeons_arise:wda_root": {
    "criteria": {
      "WDA": "2024-06-25 13:51:13 +0000"
    },
    "done": true
  },
  "betterdungeons:root": {
    "criteria": {
      "always": "2024-06-25 13:51:13 +0000"
    },
    "done": true
  },
  "minecraft:adventure/adventuring_time": {
    "criteria": {
      "minecraft:taiga": "2024-06-25 13:55:14 +0000",
      "minecraft:windswept_hills": "2024-06-25 13:58:31 +0000",
      "minecraft:dark_forest": "2024-06-25 13:57:08 +0000",
      "minecraft:river": "2024-06-25 13:57:28 +0000",
      "minecraft:swamp": "2024-06-25 13:58:03 +0000",
      "minecraft:cold_ocean": "2024-06-25 13:54:41 +0000",
      "minecraft:forest": "2024-06-25 13:58:25 +0000",
      "minecraft:windswept_forest": "2024-06-25 13:57:19 +0000",
      "minecraft:ocean": "2024-06-25 13:54:38 +0000",
      "minecraft:windswept_savanna": "2024-06-25 13:57:48 +0000",
      "minecraft:old_growth_birch_forest": "2024-06-25 13:51:17 +0000"
    },
    "done": false
  },
  "DataVersion": 3465
}