{
  "minecraft:recipes/decorations/crafting_table": {
    "criteria": {
      "unlock_right_away": "2024-06-25 13:51:13 +0000"
    },
    "done": true
  },
  "betterdeserttemples:root": {
    "criteria": {
      "always": "2024-06-25 13:51:13 +0000"
    },
    "done": true
  },
  "cataclysm:root": {
    "criteria": {
      "custom_test_name": "2024-06-25 13:51:13 +0000"
    },
    "done": true
  },
  "dungeons_arise:wda_root": {
    "criteria": {
      "WDA": "2024-06-25 13:51:13 +0000"
    },
    "done": true
  },
  "betterdungeons:root": {
    "criteria": {
      "always": "2024-06-25 13:51:13 +0000"
    },
    "done": true
  },
  "minecraft:adventure/adventuring_time": {
    "criteria": {
      "minecraft:taiga": "2024-06-25 13:55:14 +0000",
      "minecraft:windswept_hills": "2024-06-25 13:58:31 +0000",
      "minecraft:dark_forest": "2024-06-25 13:57:08 +0000",
      "minecraft:river": "2024-06-25 13:57:28 +0000",
      "minecraft:swamp": "2024-06-25 13:58:03 +0000",
      "minecraft:cold_ocean": "2024-06-25 13:54:41 +0000",
      "minecraft:forest": "2024-06-25 13:58:25 +0000",
      "minecraft:windswept_forest": "2024-06-25 13:57:19 +0000",
      "minecraft:ocean": "2024-06-25 13:54:38 +0000",
      "minecraft:windswept_savanna": "2024-06-25 13:57:48 +0000",
      "minecraft:old_growth_birch_forest": "2024-06-25 13:51:17 +0000"
    },
    "done": false
  },
  "dungeons_arise:find_typhon": {
    "criteria": {
      "location0": "2024-06-25 13:54:42 +0000"
    },
    "done": true
  },
  "create:root": {
    "criteria": {
      "0": "2024-06-25 14:03:10 +0000"
    },
    "done": true
  },
  "vs_eureka:recipes/balloon_color": {
    "criteria": {
      "has_red_balloon": "2024-06-25 14:03:10 +0000",
      "has_black_balloon": "2024-06-25 14:03:10 +0000",
      "has_lime_balloon": "2024-06-25 14:03:10 +0000",
      "has_cyan_balloon": "2024-06-25 14:03:10 +0000",
      "has_light_blue_balloon": "2024-06-25 14:03:10 +0000",
      "has_gray_balloon": "2024-06-25 14:03:10 +0000",
      "has_pink_balloon": "2024-06-25 14:03:10 +0000",
      "has_light_gray_balloon": "2024-06-25 14:03:10 +0000",
      "has_white_balloon": "2024-06-25 14:03:10 +0000",
      "has_blue_balloon": "2024-06-25 14:03:10 +0000",
      "has_yellow_balloon": "2024-06-25 14:03:10 +0000",
      "has_purple_balloon": "2024-06-25 14:03:10 +0000",
      "has_orange_balloon": "2024-06-25 14:03:10 +0000",
      "has_brown_balloon": "2024-06-25 14:03:10 +0000",
      "has_green_balloon": "2024-06-25 14:03:10 +0000",
      "has_magenta_balloon": "2024-06-25 14:03:10 +0000"
    },
    "done": true
  },
  "vs_eureka:recipes/balloon_leather": {
    "criteria": {
      "has_leather": "2024-06-25 14:03:10 +0000"
    },
    "done": true
  },
  "vs_eureka:recipes/ship_helm": {
    "criteria": {
      "has_gold": "2024-06-25 14:03:10 +0000"
    },
    "done": true
  },
  "vs_eureka:recipes/balloon_paper": {
    "criteria": {
      "has_paper": "2024-06-25 14:03:10 +0000"
    },
    "done": true
  },
  "vs_eureka:recipes/balloon_membrane": {
    "criteria": {
      "has_membrane": "2024-06-25 14:03:10 +0000"
    },
    "done": true
  },
  "DataVersion": 3465
}